Workbook

Sheet Dashboard
B2: Hardware DVT Execution Dashboard
B3: nRF5340 BLE Development Board (MDBT53-1M + RP2040 probe)
B5: Board / Session | C5: (fill in — yellow) | E5: Overall
B6: Revision | C6: Rev B | E6: Total tests | F6: =COUNTA(DVT_Master!$A$5:$A$202) -> 101
B7: Board S/N (FICR ID) | E7: Executed (P+F) | F7: =C14+C15 -> 0
B8: Tester | E8: Pass rate | F8: =IF(F7=0,"",C14/F7)
B9: Date started | E9: Completion | F9: =IF(F6=0,"",F7/F6) -> 0
B10: Firmware version | C10: DVT-Helper 1.0
E12: Subsystem | F12: Tests | G12: Pass | H12: Fail | I12: Blocked | J12: Not Run | K12: Done %
B13: Status | C13: Count | E13: VIS | F13: =COUNTIF(DVT_Master!$A$5:$A$202,$E13) -> 11 | G13: =COUNTIFS(DVT_Master!$A$5:$A$202,$E13,DVT_Master!$N$5:$N$202,"Pass") -> 0 | H13: =COUNTIFS(DVT_Master!$A$5:$A$202,$E13,DVT_Master!$N$5:$N$202,"Fail") -> 0 | I13: =COUNTIFS(DVT_Master!$A$5:$A$202,$E13,DVT_Master!$N$5:$N$202,"Blocked") -> 0 | J13: =COUNTIFS(DVT_Master!$A$5:$A$202,$E13,DVT_Master!$N$5:$N$202,"Not Run") -> 11 | K13: =IF(F13=0,"",(G13+H13)/F13) -> 0
B14: Pass | C14: =COUNTIF(DVT_Master!$N$5:$N$202,"Pass") -> 0 | E14: PRE | F14: =COUNTIF(DVT_Master!$A$5:$A$202,$E14) -> 13 | G14: =COUNTIFS(DVT_Master!$A$5:$A$202,$E14,DVT_Master!$N$5:$N$202,"Pass") -> 0 | H14: =COUNTIFS(DVT_Master!$A$5:$A$202,$E14,DVT_Master!$N$5:$N$202,"Fail") -> 0 | I14: =COUNTIFS(DVT_Master!$A$5:$A$202,$E14,DVT_Master!$N$5:$N$202,"Blocked") -> 0 | J14: =COUNTIFS(DVT_Master!$A$5:$A$202,$E14,DVT_Master!$N$5:$N$202,"Not Run") -> 13 | K14: =IF(F14=0,"",(G14+H14)/F14) -> 0
B15: Fail | C15: =COUNTIF(DVT_Master!$N$5:$N$202,"Fail") -> 0 | E15: PWR | F15: =COUNTIF(DVT_Master!$A$5:$A$202,$E15) -> 14 | G15: =COUNTIFS(DVT_Master!$A$5:$A$202,$E15,DVT_Master!$N$5:$N$202,"Pass") -> 0 | H15: =COUNTIFS(DVT_Master!$A$5:$A$202,$E15,DVT_Master!$N$5:$N$202,"Fail") -> 0 | I15: =COUNTIFS(DVT_Master!$A$5:$A$202,$E15,DVT_Master!$N$5:$N$202,"Blocked") -> 0 | J15: =COUNTIFS(DVT_Master!$A$5:$A$202,$E15,DVT_Master!$N$5:$N$202,"Not Run") -> 14 | K15: =IF(F15=0,"",(G15+H15)/F15) -> 0
B16: In Progress | C16: =COUNTIF(DVT_Master!$N$5:$N$202,"In Progress") -> 0 | E16: CHG | F16: =COUNTIF(DVT_Master!$A$5:$A$202,$E16) -> 6 | G16: =COUNTIFS(DVT_Master!$A$5:$A$202,$E16,DVT_Master!$N$5:$N$202,"Pass") -> 0 | H16: =COUNTIFS(DVT_Master!$A$5:$A$202,$E16,DVT_Master!$N$5:$N$202,"Fail") -> 0 | I16: =COUNTIFS(DVT_Master!$A$5:$A$202,$E16,DVT_Master!$N$5:$N$202,"Blocked") -> 0 | J16: =COUNTIFS(DVT_Master!$A$5:$A$202,$E16,DVT_Master!$N$5:$N$202,"Not Run") -> 6 | K16: =IF(F16=0,"",(G16+H16)/F16) -> 0
B17: Blocked | C17: =COUNTIF(DVT_Master!$N$5:$N$202,"Blocked") -> 0 | E17: BAT | F17: =COUNTIF(DVT_Master!$A$5:$A$202,$E17) -> 6 | G17: =COUNTIFS(DVT_Master!$A$5:$A$202,$E17,DVT_Master!$N$5:$N$202,"Pass") -> 0 | H17: =COUNTIFS(DVT_Master!$A$5:$A$202,$E17,DVT_Master!$N$5:$N$202,"Fail") -> 0 | I17: =COUNTIFS(DVT_Master!$A$5:$A$202,$E17,DVT_Master!$N$5:$N$202,"Blocked") -> 0 | J17: =COUNTIFS(DVT_Master!$A$5:$A$202,$E17,DVT_Master!$N$5:$N$202,"Not Run") -> 6 | K17: =IF(F17=0,"",(G17+H17)/F17) -> 0
B18: Not Run | C18: =COUNTIF(DVT_Master!$N$5:$N$202,"Not Run") -> 101 | E18: DBG | F18: =COUNTIF(DVT_Master!$A$5:$A$202,$E18) -> 10 | G18: =COUNTIFS(DVT_Master!$A$5:$A$202,$E18,DVT_Master!$N$5:$N$202,"Pass") -> 0 | H18: =COUNTIFS(DVT_Master!$A$5:$A$202,$E18,DVT_Master!$N$5:$N$202,"Fail") -> 0 | I18: =COUNTIFS(DVT_Master!$A$5:$A$202,$E18,DVT_Master!$N$5:$N$202,"Blocked") -> 0 | J18: =COUNTIFS(DVT_Master!$A$5:$A$202,$E18,DVT_Master!$N$5:$N$202,"Not Run") -> 10 | K18: =IF(F18=0,"",(G18+H18)/F18) -> 0
E19: NRF | F19: =COUNTIF(DVT_Master!$A$5:$A$202,$E19) -> 9 | G19: =COUNTIFS(DVT_Master!$A$5:$A$202,$E19,DVT_Master!$N$5:$N$202,"Pass") -> 0 | H19: =COUNTIFS(DVT_Master!$A$5:$A$202,$E19,DVT_Master!$N$5:$N$202,"Fail") -> 0 | I19: =COUNTIFS(DVT_Master!$A$5:$A$202,$E19,DVT_Master!$N$5:$N$202,"Blocked") -> 0 | J19: =COUNTIFS(DVT_Master!$A$5:$A$202,$E19,DVT_Master!$N$5:$N$202,"Not Run") -> 9 | K19: =IF(F19=0,"",(G19+H19)/F19) -> 0
E20: GPIO | F20: =COUNTIF(DVT_Master!$A$5:$A$202,$E20) -> 5 | G20: =COUNTIFS(DVT_Master!$A$5:$A$202,$E20,DVT_Master!$N$5:$N$202,"Pass") -> 0 | H20: =COUNTIFS(DVT_Master!$A$5:$A$202,$E20,DVT_Master!$N$5:$N$202,"Fail") -> 0 | I20: =COUNTIFS(DVT_Master!$A$5:$A$202,$E20,DVT_Master!$N$5:$N$202,"Blocked") -> 0 | J20: =COUNTIFS(DVT_Master!$A$5:$A$202,$E20,DVT_Master!$N$5:$N$202,"Not Run") -> 5 | K20: =IF(F20=0,"",(G20+H20)/F20) -> 0
E21: I2C | F21: =COUNTIF(DVT_Master!$A$5:$A$202,$E21) -> 5 | G21: =COUNTIFS(DVT_Master!$A$5:$A$202,$E21,DVT_Master!$N$5:$N$202,"Pass") -> 0 | H21: =COUNTIFS(DVT_Master!$A$5:$A$202,$E21,DVT_Master!$N$5:$N$202,"Fail") -> 0 | I21: =COUNTIFS(DVT_Master!$A$5:$A$202,$E21,DVT_Master!$N$5:$N$202,"Blocked") -> 0 | J21: =COUNTIFS(DVT_Master!$A$5:$A$202,$E21,DVT_Master!$N$5:$N$202,"Not Run") -> 5 | K21: =IF(F21=0,"",(G21+H21)/F21) -> 0
E22: IMEAS | F22: =COUNTIF(DVT_Master!$A$5:$A$202,$E22) -> 9 | G22: =COUNTIFS(DVT_Master!$A$5:$A$202,$E22,DVT_Master!$N$5:$N$202,"Pass") -> 0 | H22: =COUNTIFS(DVT_Master!$A$5:$A$202,$E22,DVT_Master!$N$5:$N$202,"Fail") -> 0 | I22: =COUNTIFS(DVT_Master!$A$5:$A$202,$E22,DVT_Master!$N$5:$N$202,"Blocked") -> 0 | J22: =COUNTIFS(DVT_Master!$A$5:$A$202,$E22,DVT_Master!$N$5:$N$202,"Not Run") -> 9 | K22: =IF(F22=0,"",(G22+H22)/F22) -> 0
E23: RF | F23: =COUNTIF(DVT_Master!$A$5:$A$202,$E23) -> 7 | G23: =COUNTIFS(DVT_Master!$A$5:$A$202,$E23,DVT_Master!$N$5:$N$202,"Pass") -> 0 | H23: =COUNTIFS(DVT_Master!$A$5:$A$202,$E23,DVT_Master!$N$5:$N$202,"Fail") -> 0 | I23: =COUNTIFS(DVT_Master!$A$5:$A$202,$E23,DVT_Master!$N$5:$N$202,"Blocked") -> 0 | J23: =COUNTIFS(DVT_Master!$A$5:$A$202,$E23,DVT_Master!$N$5:$N$202,"Not Run") -> 7 | K23: =IF(F23=0,"",(G23+H23)/F23) -> 0
E24: SYS | F24: =COUNTIF(DVT_Master!$A$5:$A$202,$E24) -> 6 | G24: =COUNTIFS(DVT_Master!$A$5:$A$202,$E24,DVT_Master!$N$5:$N$202,"Pass") -> 0 | H24: =COUNTIFS(DVT_Master!$A$5:$A$202,$E24,DVT_Master!$N$5:$N$202,"Fail") -> 0 | I24: =COUNTIFS(DVT_Master!$A$5:$A$202,$E24,DVT_Master!$N$5:$N$202,"Blocked") -> 0 | J24: =COUNTIFS(DVT_Master!$A$5:$A$202,$E24,DVT_Master!$N$5:$N$202,"Not Run") -> 6 | K24: =IF(F24=0,"",(G24+H24)/F24) -> 0
B27: Board disposition
B28: Sign-off / date

Sheet Instructions
B2: DVT Tracker — How to Use (and reuse for future revisions)
B4: Workflow per board
B5: 1. Fill the yellow cells on Dashboard (Revision, Board S/N = FICR Device ID from NRF-02, Tester, Date, FW version).
B6: 2. Work top-to-bottom on DVT_Master. VIS and PRE are gates: any failure there = do not apply power.
B7: 3. Numeric checks: type the measured number into "Actual Result" using the unit shown. "Tolerance Check" fills Pass/Fail automatically from Min/Max. Example: 3V3 check, Min 3.2 / Max 3.4 — type 3.31 and Tolerance Check shows Pass.
B8: 4. Text/visual checks (no Min/Max): set "Manual Status" directly.
B9: 5. "Final Status" = Manual Status if you set one, otherwise the automatic Tolerance Check. Setting Manual Status always wins (use it to override).
B10: 6. DMM shows OL? Type OL into Actual Result: text sorts above any number, so it passes min-only checks (e.g. > 1 MOhm) and correctly fails max-limited ones.
B11: 7. Log every failure in Issue_Log with the Test ID; set board disposition on the Dashboard when done.
B12: Cloning for the next board / revision
B13: • Next board, same rev: Save As, update the Dashboard yellow cells, set Manual Status column to "Not Run", clear Actual Result and Notes. Tolerance/Final recompute.
B14: • Next PCB revision: same, plus adjust Min/Max to the new plan. Limits here come from DVT_Plan_nRF5340_Board_RevB.docx v2.0 (2026-07-22); the Plan Ref column maps every row to the plan.
... B19: • Insert rows above row 5 on DVT_Master.

Sheet DVT_Master
A1: =Dashboard!B3 & " — " & Dashboard!C6 & " | Board S/N: " & Dashboard!C7 & " | Tester: " & Dashboard!C8 -> nRF5340 BLE Development Board (MDBT53-1M + RP2040 probe) — Rev B | Board S/N: | Tester:
A2: Ensure all VIS and PRE checks pass before applying power. Numeric result + Min/Max -> automatic verdict; Manual Status overrides.
A4: Subsystem | B4: Test Num | C4: Test ID | D4: Plan Ref | E4: Description / Procedure | F4: Expected Outcome (Text) | G4: Target Value | H4: Min Allowed | I4: Max Allowed | J4: Unit | K4: Actual Result | L4: Tolerance Check | M4: Manual Status | N4: Final Status | O4: Notes
A5: VIS | B5: 1 | C5: =IF(ISBLANK(A5),"",A5&"-"&TEXT(B5,"000")) -> VIS-001 | D5: VIS-01 | E5: Overall reflow quality under magnification: tombstones, missing 0402s, bridges (hot-plate build — check paste-starved corners first) | F5: None found | L5: =IF(OR(ISBLANK(K5),AND(ISBLANK(H5),ISBLANK(I5))),"",IF(AND(IF(ISBLANK(H5),TRUE(),K5>=H5),IF(ISBLANK(I5),TRUE(),K5<=I5)),"Pass","Fail")) | M5: Not Run | N5: =IF(AND(M5<>"Not Run",M5<>""),M5,IF(L5<>"",L5,"Not Run")) -> Not Run
A6: VIS | B6: 2 | C6: =IF(ISBLANK(A6),"",A6&"-"&TEXT(B6,"000")) -> VIS-002 | D6: VIS-02 | E6: D2, D3 (B5819WS) polarity: cathode line toward V_SYS on both (D2 cathode = pad toward U6; D3 cathode = pad toward board interior) | F6: Both correct | L6: =IF(OR(ISBLANK(K6),AND(ISBLANK(H6),ISBLANK(I6))),"",IF(AND(IF(ISBLANK(H6),TRUE(),K6>=H6),IF(ISBLANK(I6),TRUE(),K6<=I6)),"Pass","Fail")) | M6: Not Run | N6: =IF(AND(M6<>"Not Run",M6<>""),M6,IF(L6<>"",L6,"Not Run")) -> Not Run
A7: VIS | B7: 3 | C7: =IF(ISBLANK(A7),"",A7&"-"&TEXT(B7,"000")) -> VIS-003 | D7: VIS-03 | E7: Pin-1 / orientation vs silk: U1, U2, U3, U4, U5, U6, U7, U8, Q1, Q2, Q3 | F7: All correct | L7: =IF(OR(ISBLANK(K7),AND(ISBLANK(H7),ISBLANK(I7))),"",IF(AND(IF(ISBLANK(H7),TRUE(),K7>=H7),IF(ISBLANK(I7),TRUE(),K7<=I7)),"Pass","Fail")) | M7: Not Run | N7: =IF(AND(M7<>"Not Run",M7<>""),M7,IF(L7<>"",L7,"Not Run")) -> Not Run
A8: VIS | B8: 4 | C8: =IF(ISBLANK(A8),"",A8&"-"&TEXT(B8,"000")) -> VIS-004 | D8: VIS-04 | E8: U14 MDBT53-1M: aligned, castellations wetted, antenna end (left board edge) clean — no solder, flux, labels or debris in the keepout | F8: Clean | L8: =IF(OR(ISBLANK(K8),AND(ISBLANK(H8),ISBLANK(I8))),"",IF(AND(IF(ISBLANK(H8),TRUE(),K8>=H8),IF(ISBLANK(I8),TRUE(),K8<=I8)),"Pass","Fail")) | M8: Not Run | N8: =IF(AND(M8<>"Not Run",M8<>""),M8,IF(L8<>"",L8,"Not Run")) -> Not Run
A9: VIS | B9: 5 | C9: =IF(ISBLANK(A9),"",A9&"-"&TEXT(B9,"000")) -> VIS-005 | D9: VIS-05 | E9: Fine-pitch: U2 LQFN-56 0.4 mm, U4 WSON-8, U1 MSOP-10 — no bridges, fillets visible at pad edges | F9: Clean | L9: =IF(OR(ISBLANK(K9),AND(ISBLANK(H9),ISBLANK(I9))),"",IF(AND(IF(ISBLANK(H9),TRUE(),K9>=H9),IF(ISBLANK(I9),TRUE(),K9<=I9)),"Pass","Fail")) | M9: Not Run | N9: =IF(AND(M9<>"Not Run",M9<>""),M9,IF(L9<>"",L9,"Not Run")) -> Not Run
A10: VIS | B10: 6 | C10: =IF(ISBLANK(A10),"",A10&"-"&TEXT(B10,"000")) -> VIS-006 | D10: VIS-06 | E10: USB-C J1 (hand-soldered after reflow): 12 signal pins wetted, no bridges, shell legs filled | F10: Clean | L10: =IF(OR(ISBLANK(K10),AND(ISBLANK(H10),ISBLANK(I10))),"",IF(AND(IF(ISBLANK(H10),TRUE(),K10>=H10),IF(ISBLANK(I10),TRUE(),K10<=I10)),"Pass","Fail")) | M10: Not Run | N10: =IF(AND(M10<>"Not Run",M10<>""),M10,IF(L10<>"",L10,"Not Run")) -> Not Run
A11: VIS | B11: 7 | C11: =IF(ISBLANK(A11),"",A11&"-"&TEXT(B11,"000")) -> VIS-007 | D11: VIS-07 | E11: Through-hole H1/H2/J2/J5/SW1 seated flat, joints filled (H1/H2/J2 are kitted separately — not on the BOM) | F11: Seated, filled | L11: =IF(OR(ISBLANK(K11),AND(ISBLANK(H11),ISBLANK(I11))),"",IF(AND(IF(ISBLANK(H11),TRUE(),K11>=H11),IF(ISBLANK(I11),TRUE(),K11<=I11)),"Pass","Fail")) | M11: Not Run | N11: =IF(AND(M11<>"Not Run",M11<>""),M11,IF(L11<>"",L11,"Not Run")) -> Not Run
A12: VIS | B12: 8 | C12: =IF(ISBLANK(A12),"",A12&"-"&TEXT(B12,"000")) -> VIS-008 | D12: VIS-08 | E12: SW2/SW3/SW4 click mechanically; SW1 slides with a detent in both positions | F12: All OK | L12: =IF(OR(ISBLANK(K12),AND(ISBLANK(H12),ISBLANK(I12))),"",IF(AND(IF(ISBLANK(H12),TRUE(),K12>=H12),IF(ISBLANK(I12),TRUE(),K12<=I12)),"Pass","Fail")) | M12: Not Run | N12: =IF(AND(M12<>"Not Run",M12<>""),M12,IF(L12<>"",L12,"Not Run")) -> Not Run
A13: VIS | B13: 9 | C13: =IF(ISBLANK(A13),"",A13&"-"&TEXT(B13,"000")) -> VIS-009 | D13: VIS-09 | E13: C49/C50 (NFC tuning, bottom) NOT populated — DNI by design; the schematic '100 nF' value is a placeholder | F13: Both empty | L13: =IF(OR(ISBLANK(K13),AND(ISBLANK(H13),ISBLANK(I13))),"",IF(AND(IF(ISBLANK(H13),TRUE(),K13>=H13),IF(ISBLANK(I13),TRUE(),K13<=I13)),"Pass","Fail")) | M13: Not Run | N13: =IF(AND(M13<>"Not Run",M13<>""),M13,IF(L13<>"",L13,"Not Run")) -> Not Run
A14: VIS | B14: 10 | C14: =IF(ISBLANK(A14),"",A14&"-"&TEXT(B14,"000")) -> VIS-010 | D14: VIS-10 | E14: Silkscreen legible; FCC/ISED 'Contains' module marking present? (known Rev B gap — record the result) | F14: Record | L14: =IF(OR(ISBLANK(K14),AND(ISBLANK(H14),ISBLANK(I14))),"",IF(AND(IF(ISBLANK(H14),TRUE(),K14>=H14),IF(ISBLANK(I14),TRUE(),K14<=I14)),"Pass","Fail")) | M14: Not Run | N14: =IF(AND(M14<>"Not Run",M14<>""),M14,IF(L14<>"",L14,"Not Run")) -> Not Run
A15: VIS | B15: 11 | C15: =IF(ISBLANK(A15),"",A15&"-"&TEXT(B15,"000")) -> VIS-011 | D15: VIS-11 | E15: Breadboard fit: H1/H2 rows seat across a standard breadboard on 2.54 mm centers | F15: Seats cleanly | L15: =IF(OR(ISBLANK(K15),AND(ISBLANK(H15),ISBLANK(I15))),"",IF(AND(IF(ISBLANK(H15),TRUE(),K15>=H15),IF(ISBLANK(I15),TRUE(),K15<=I15)),"Pass","Fail")) | M15: Not Run | N15: =IF(AND(M15<>"Not Run",M15<>""),M15,IF(L15<>"",L15,"Not Run")) -> Not Run
A16: PRE | B16: 1 | C16: =IF(ISBLANK(A16),"",A16&"-"&TEXT(B16,"000")) -> PRE-001 | D16: PRE-01 | E16: Identify & mark pin 1s by continuity: J2 pin nearer U7.5 = LDO side (J2.1); H1.1 = +5V end (to F1); H2.1 = 3V3 end (to U6.5) | F16: Mapped + marked | L16: =IF(OR(ISBLANK(K16),AND(ISBLANK(H16),ISBLANK(I16))),"",IF(AND(IF(ISBLANK(H16),TRUE(),K16>=H16),IF(ISBLANK(I16),TRUE(),K16<=I16)),"Pass","Fail")) | M16: Not Run | N16: =IF(AND(M16<>"Not Run",M16<>""),M16,IF(L16<>"",L16,"Not Run")) -> Not Run
A17: PRE | B17: 2 | C17: =IF(ISBLANK(A17),"",A17&"-"&TEXT(B17,"000")) -> PRE-002 | D17: PRE-02 | E17: V_USB to GND resistance (probe C2 + pad) | F17: ~10 kOhm (R7), not < 1 k | G17: 10000 | H17: 1000 | J17: Ohm | L17: =IF(OR(ISBLANK(K17),AND(ISBLANK(H17),ISBLANK(I17))),"",IF(AND(IF(ISBLANK(H17),TRUE(),K17>=H17),IF(ISBLANK(I17),TRUE(),K17<=I17)),"Pass","Fail")) | M17: Not Run | N17: =IF(AND(M17<>"Not Run",M17<>""),M17,IF(L17<>"",L17,"Not Run")) -> Not Run
A18: PRE | B18: 3 | C18: =IF(ISBLANK(A18),"",A18&"-"&TEXT(B18,"000")) -> PRE-003 | D18: PRE-03 | E18: V_SYS to GND (probe D2.1 cathode pad) | F18: High / climbing | H18: 50000 | J18: Ohm | L18: =IF(OR(ISBLANK(K18),AND(ISBLANK(H18),ISBLANK(I18))),"",IF(AND(IF(ISBLANK(H18),TRUE(),K18>=H18),IF(ISBLANK(I18),TRUE(),K18<=I18)),"Pass","Fail")) | M18: Not Run | N18: =IF(AND(M18<>"Not Run",M18<>""),M18,IF(L18<>"",L18,"Not Run")) -> Not Run
A19: PRE | B19: 4 | C19: =IF(ISBLANK(A19),"",A19&"-"&TEXT(B19,"000")) -> PRE-004 | D19: PRE-04 | E19: 3V3_OTHER to GND (probe H2.1) | F19: > 5 kOhm and climbing | H19: 5000 | J19: Ohm | L19: =IF(OR(ISBLANK(K19),AND(ISBLANK(H19),ISBLANK(I19))),"",IF(AND(IF(ISBLANK(H19),TRUE(),K19>=H19),IF(ISBLANK(I19),TRUE(),K19<=I19)),"Pass","Fail")) | M19: Not Run | N19: =IF(AND(M19<>"Not Run",M19<>""),M19,IF(L19<>"",L19,"Not Run")) -> Not Run
A20: PRE | B20: 5 | C20: =IF(ISBLANK(A20),"",A20&"-"&TEXT(B20,"000")) -> PRE-005 | D20: PRE-05 | E20: 3V3_NRF to GND (probe J2.2 side) | F20: > 5 kOhm and climbing | H20: 5000 | J20: Ohm | L20: =IF(OR(ISBLANK(K20),AND(ISBLANK(H20),ISBLANK(I20))),"",IF(AND(IF(ISBLANK(H20),TRUE(),K20>=H20),IF(ISBLANK(I20),TRUE(),K20<=I20)),"Pass","Fail")) | M20: Not Run | N20: =IF(AND(M20<>"Not Run",M20<>""),M20,IF(L20<>"",L20,"Not Run")) -> Not Run
A21: PRE | B21: 6 | C21: =IF(ISBLANK(A21),"",A21&"-"&TEXT(B21,"000")) -> PRE-006 | D21: PRE-06 | E21: J2.1 to J2.2 with jumper REMOVED — the measured rail must only connect through J2 | F21: Open / > 1 MOhm | H21: 1000000 | J21: Ohm | L21: =IF(OR(ISBLANK(K21),AND(ISBLANK(H21),ISBLANK(I21))),"",IF(AND(IF(ISBLANK(H21),TRUE(),K21>=H21),IF(ISBLANK(I21),TRUE(),K21<=I21)),"Pass","Fail")) | M21: Not Run | N21: =IF(AND(M21<>"Not Run",M21<>""),M21,IF(L21<>"",L21,"Not Run")) -> Not Run
A22: PRE | B22: 7 | C22: =IF(ISBLANK(A22),"",A22&"-"&TEXT(B22,"000")) -> PRE-007 | D22: PRE-07 | E22: Diode mode V_USB to V_SYS (red D3.2, black D3.1): B5819WS forward | F22: 0.15-0.45 V | G22: 0.3 | H22: 0.15 | I22: 0.45 | J22: V | L22: =IF(OR(ISBLANK(K22),AND(ISBLANK(H22),ISBLANK(I22))),"",IF(AND(IF(ISBLANK(H22),TRUE(),K22>=H22),IF(ISBLANK(I22),TRUE(),K22<=I22)),"Pass","Fail")) | M22: Not Run | N22: =IF(AND(M22<>"Not Run",M22<>""),M22,IF(L22<>"",L22,"Not Run")) -> Not Run
A23: PRE | B23: 8 | C23: =IF(ISBLANK(A23),"",A23&"-"&TEXT(B23,"000")) -> PRE-008 | D23: PRE-08 | E23: Diode mode +5V input path (red H1.1, black D2.1): F1 + D2 forward | F23: 0.15-0.50 V | G23: 0.3 | H23: 0.15 | I23: 0.5 | J23: V | L23: =IF(OR(ISBLANK(K23),AND(ISBLANK(H23),ISBLANK(I23))),"",IF(AND(IF(ISBLANK(H23),TRUE(),K23>=H23),IF(ISBLANK(I23),TRUE(),K23<=I23)),"Pass","Fail")) | M23: Not Run | N23: =IF(AND(M23<>"Not Run",M23<>""),M23,IF(L23<>"",L23,"Not Run")) -> Not Run
A24: PRE | B24: 9 | C24: =IF(ISBLANK(A24),"",A24&"-"&TEXT(B24,"000")) -> PRE-009 | D24: PRE-09 | E24: Reverse diode checks: red D2.1, black H1.1 = OL; red D3.1, black D3.2 = OL | F24: OL both | L24: =IF(OR(ISBLANK(K24),AND(ISBLANK(H24),ISBLANK(I24))),"",IF(AND(IF(ISBLANK(H24),TRUE(),K24>=H24),IF(ISBLANK(I24),TRUE(),K24<=I24)),"Pass","Fail")) | M24: Not Run | N24: =IF(AND(M24<>"Not Run",M24<>""),M24,IF(L24<>"",L24,"Not Run")) -> Not Run
A25: PRE | B25: 10 | C25: =IF(ISBLANK(A25),"",A25&"-"&TEXT(B25,"000")) -> PRE-010 | D25: PRE-10 | E25: USB D+ to D- (D1 pads) and VBUS to D+/D-: no shorts | F25: OL / > 1 MOhm | H25: 1000000 | J25: Ohm | L25: =IF(OR(ISBLANK(K25),AND(ISBLANK(H25),ISBLANK(I25))),"",IF(AND(IF(ISBLANK(H25),TRUE(),K25>=H25),IF(ISBLANK(I25),TRUE(),K25<=I25)),"Pass","Fail")) | M25: Not Run | N25: =IF(AND(M25<>"Not Run",M25<>""),M25,IF(L25<>"",L25,"Not Run")) -> Not Run
A26: PRE | B26: 11 | C26: =IF(ISBLANK(A26),"",A26&"-"&TEXT(B26,"000")) -> PRE-011 | D26: PRE-11 | E26: Battery pins J5.1 to J5.2: no short; J5.2 (BATT-) to GND: not 0 Ohm (protection FETs unbiased) | F26: No short | L26: =IF(OR(ISBLANK(K26),AND(ISBLANK(H26),ISBLANK(I26))),"",IF(AND(IF(ISBLANK(H26),TRUE(),K26>=H26),IF(ISBLANK(I26),TRUE(),K26<=I26)),"Pass","Fail")) | M26: Not Run | N26: =IF(AND(M26<>"Not Run",M26<>""),M26,IF(L26<>"",L26,"Not Run")) -> Not Run
A27: PRE | B27: 12 | C27: =IF(ISBLANK(A27),"",A27&"-"&TEXT(B27,"000")) -> PRE-012 | D27: PRE-12 | E27: SWDIO (J4.2) and SWCLK (J4.4) to GND: no short. REST (H1.19) to GND: no short; ~0 Ohm only while SW4 held | F27: OK | L27: =IF(OR(ISBLANK(K27),AND(ISBLANK(H27),ISBLANK(I27))),"",IF(AND(IF(ISBLANK(H27),TRUE(),K27>=H27),IF(ISBLANK(I27),TRUE(),K27<=I27)),"Pass","Fail")) | M27: Not Run | N27: =IF(AND(M27<>"Not Run",M27<>""),M27,IF(L27<>"",L27,"Not Run")) -> Not Run
A28: PRE | B28: 13 | C28: =IF(ISBLANK(A28),"",A28&"-"&TEXT(B28,"000")) -> PRE-013 | D28: PRE-13 | E28: TP3 to GND continuity ~0 Ohm (confirms map TP1=NFC1, TP2=NFC2, TP3=GND); TP1/TP2 NOT shorted to GND | F28: Confirmed | L28: =IF(OR(ISBLANK(K28),AND(ISBLANK(H28),ISBLANK(I28))),"",IF(AND(IF(ISBLANK(H28),TRUE(),K28>=H28),IF(ISBLANK(I28),TRUE(),K28<=I28)),"Pass","Fail")) | M28: Not Run | N28: =IF(AND(M28<>"Not Run",M28<>""),M28,IF(L28<>"",L28,"Not Run")) -> Not Run
A29: PWR | B29: 1 | C29: =IF(ISBLANK(A29),"",A29&"-"&TEXT(B29,"000")) -> PWR-001 | D29: PWR-01 | E29: First power: bench PSU 5.00 V, 100 mA CC limit, + to H1.1, - to H1.2 (GND). Supply current after 5 s | F29: Stable, no CC trip | G29: 20 | H29: 2 | I29: 60 | J29: mA | L29: =IF(OR(ISBLANK(K29),AND(ISBLANK(H29),ISBLANK(I29))),"",IF(AND(IF(ISBLANK(H29),TRUE(),K29>=H29),IF(ISBLANK(I29),TRUE(),K29<=I29)),"Pass","Fail")) | M29: Not Run | N29: =IF(AND(M29<>"Not Run",M29<>""),M29,IF(L29<>"",L29,"Not Run")) -> Not Run
A30: PWR | B30: 2 | C30: =IF(ISBLANK(A30),"",A30&"-"&TEXT(B30,"000")) -> PWR-002 | D30: PWR-02 | E30: Nothing hot after 60 s at first power (finger/IR: U6, U7, U2, U14) | F30: Cool / barely warm | L30: =IF(OR(ISBLANK(K30),AND(ISBLANK(H30),ISBLANK(I30))),"",IF(AND(IF(ISBLANK(H30),TRUE(),K30>=H30),IF(ISBLANK(I30),TRUE(),K30<=I30)),"Pass","Fail")) | M30: Not Run | N30: =IF(AND(M30<>"Not Run",M30<>""),M30,IF(L30<>"",L30,"Not Run")) -> Not Run
A31: PWR | B31: 3 | C31: =IF(ISBLANK(A31),"",A31&"-"&TEXT(B31,"000")) -> PWR-003 | D31: PWR-03 | E31: V_SYS (D2.1) = PSU minus F1 + D2 drop | F31: 4.3-4.9 V | G31: 4.6 | H31: 4.3 | I31: 4.9 | J31: V | L31: =IF(OR(ISBLANK(K31),AND(ISBLANK(H31),ISBLANK(I31))),"",IF(AND(IF(ISBLANK(H31),TRUE(),K31>=H31),IF(ISBLANK(I31),TRUE(),K31<=I31)),"Pass","Fail")) | M31: Not Run | N31: =IF(AND(M31<>"Not Run",M31<>""),M31,IF(L31<>"",L31,"Not Run")) -> Not Run
A32: PWR | B32: 4 | C32: =IF(ISBLANK(A32),"",A32&"-"&TEXT(B32,"000")) -> PWR-004 | D32: PWR-04 | E32: 3V3_OTHER at H2.1 | F32: 3.20-3.40 V | G32: 3.3 | H32: 3.2 | I32: 3.4 | J32: V | L32: =IF(OR(ISBLANK(K32),AND(ISBLANK(H32),ISBLANK(I32))),"",IF(AND(IF(ISBLANK(H32),TRUE(),K32>=H32),IF(ISBLANK(I32),TRUE(),K32<=I32)),"Pass","Fail")) | M32: Not Run | N32: =IF(AND(M32<>"Not Run",M32<>""),M32,IF(L32<>"",L32,"Not Run")) -> Not Run
A33: PWR | B33: 5 | C33: =IF(ISBLANK(A33),"",A33&"-"&TEXT(B33,"000")) -> PWR-005 | D33: PWR-05 | E33: 3V3_NRF at J2.2 (jumper fitted) | F33: 3.20-3.40 V | G33: 3.3 | H33: 3.2 | I33: 3.4 | J33: V | L33: =IF(OR(ISBLANK(K33),AND(ISBLANK(H33),ISBLANK(I33))),"",IF(AND(IF(ISBLANK(H33),TRUE(),K33>=H33),IF(ISBLANK(I33),TRUE(),K33<=I33)),"Pass","Fail")) | M33: Not Run | N33: =IF(AND(M33<>"Not Run",M33<>""),M33,IF(L33<>"",L33,"Not Run")) -> Not Run
A34: PWR | B34: 6 | C34: =IF(ISBLANK(A34),"",A34&"-"&TEXT(B34,"000")) -> PWR-006 | D34: PWR-06 | E34: J2 jumper contact drop: V(J2.1) - V(J2.2) | F34: <= 5 mV | I34: 5 | J34: mV | L34: =IF(OR(ISBLANK(K34),AND(ISBLANK(H34),ISBLANK(I34))),"",IF(AND(IF(ISBLANK(H34),TRUE(),K34>=H34),IF(ISBLANK(I34),TRUE(),K34<=I34)),"Pass","Fail")) | M34: Not Run | N34: =IF(AND(M34<>"Not Run",M34<>""),M34,IF(L34<>"",L34,"Not Run")) -> Not Run
A35: PWR | B35: 7 | C35: =IF(ISBLANK(A35),"",A35&"-"&TEXT(B35,"000")) -> PWR-007 | D35: PWR-07 | E35: Remove PSU. First USB power through inline USB meter, SW1 = DEBUG: V_USB | F35: 4.75-5.25 V | G35: 5 | H35: 4.75 | I35: 5.25 | J35: V | L35: =IF(OR(ISBLANK(K35),AND(ISBLANK(H35),ISBLANK(I35))),"",IF(AND(IF(ISBLANK(H35),TRUE(),K35>=H35),IF(ISBLANK(I35),TRUE(),K35<=I35)),"Pass","Fail")) | M35: Not Run | N35: =IF(AND(M35<>"Not Run",M35<>""),M35,IF(L35<>"",L35,"Not Run")) -> Not Run
A36: PWR | B36: 8 | C36: =IF(ISBLANK(A36),"",A36&"-"&TEXT(B36,"000")) -> PWR-008 | D36: PWR-08 | E36: USB idle input current (blank chips: RP2040 in BOOTSEL ROM, nRF blank) | F36: Record | H36: 5 | I36: 100 | J36: mA | L36: =IF(OR(ISBLANK(K36),AND(ISBLANK(H36),ISBLANK(I36))),"",IF(AND(IF(ISBLANK(H36),TRUE(),K36>=H36),IF(ISBLANK(I36),TRUE(),K36<=I36)),"Pass","Fail")) | M36: Not Run | N36: =IF(AND(M36<>"Not Run",M36<>""),M36,IF(L36<>"",L36,"Not Run")) -> Not Run
A37: PWR | B37: 9 | C37: =IF(ISBLANK(A37),"",A37&"-"&TEXT(B37,"000")) -> PWR-009 | D37: PWR-09 | E37: RPI-RP2 mass-storage device enumerates (blank U3 -> ROM bootloader; also proves X1 12 MHz and the FSUSB42 DEBUG path) | F37: Enumerates | L37: =IF(OR(ISBLANK(K37),AND(ISBLANK(H37),ISBLANK(I37))),"",IF(AND(IF(ISBLANK(H37),TRUE(),K37>=H37),IF(ISBLANK(I37),TRUE(),K37<=I37)),"Pass","Fail")) | M37: Not Run | N37: =IF(AND(M37<>"Not Run",M37<>""),M37,IF(L37<>"",L37,"Not Run")) -> Not Run
A38: PWR | B38: 10 | C38: =IF(ISBLANK(A38),"",A38&"-"&TEXT(B38,"000")) -> PWR-010 | D38: PWR-10 | E38: SW1 to APP: RPI-RP2 disappears (bus routed to blank nRF, no device). Back to DEBUG: reappears | F38: Behaves | L38: =IF(OR(ISBLANK(K38),AND(ISBLANK(H38),ISBLANK(I38))),"",IF(AND(IF(ISBLANK(H38),TRUE(),K38>=H38),IF(ISBLANK(I38),TRUE(),K38<=I38)),"Pass","Fail")) | M38: Not Run | N38: =IF(AND(M38<>"Not Run",M38<>""),M38,IF(L38<>"",L38,"Not Run")) -> Not Run
A39: PWR | B39: 11 | C39: =IF(ISBLANK(A39),"",A39&"-"&TEXT(B39,"000")) -> PWR-011 | D39: PWR-11 | E39: LED2 (green) on whenever V_SYS is present, off when unpowered | F39: Correct | L39: =IF(OR(ISBLANK(K39),AND(ISBLANK(H39),ISBLANK(I39))),"",IF(AND(IF(ISBLANK(H39),TRUE(),K39>=H39),IF(ISBLANK(I39),TRUE(),K39<=I39)),"Pass","Fail")) | M39: Not Run | N39: =IF(AND(M39<>"Not Run",M39<>""),M39,IF(L39<>"",L39,"Not Run")) -> Not Run
A40: PWR | B40: 12 | C40: =IF(ISBLANK(A40),"",A40&"-"&TEXT(B40,"000")) -> PWR-012 | D40: PWR-12 | E40: Backdrive: USB powered, voltage at H1.1 (+5V pin) — D2 blocks; the pin is input-only | F40: ~0 V | I40: 0.5 | J40: V | L40: =IF(OR(ISBLANK(K40),AND(ISBLANK(H40),ISBLANK(I40))),"",IF(AND(IF(ISBLANK(H40),TRUE(),K40>=H40),IF(ISBLANK(I40),TRUE(),K40<=I40)),"Pass","Fail")) | M40: Not Run | N40: =IF(AND(M40<>"Not Run",M40<>""),M40,IF(L40<>"",L40,"Not Run")) -> Not Run
A41: PWR | B41: 13 | C41: =IF(ISBLANK(A41),"",A41&"-"&TEXT(B41,"000")) -> PWR-013 | D41: PWR-13 | E41: Ripple (scope, optional): 3V3_OTHER and 3V3_NRF at idle | F41: < 30 mVpp, record | I41: 30 | J41: mVpp | L41: =IF(OR(ISBLANK(K41),AND(ISBLANK(H41),ISBLANK(I41))),"",IF(AND(IF(ISBLANK(H41),TRUE(),K41>=H41),IF(ISBLANK(I41),TRUE(),K41<=I41)),"Pass","Fail")) | M41: Not Run | N41: =IF(AND(M41<>"Not Run",M41<>""),M41,IF(L41<>"",L41,"Not Run")) -> Not Run
A42: PWR | B42: 14 | C42: =IF(ISBLANK(A42),"",A42&"-"&TEXT(B42,"000")) -> PWR-014 | D42: PWR-14 | E42: Brownout: PSU into H1.1, ramp 5.0 -> 3.6 -> 5.0 V slowly: rails sag and recover cleanly, no latch-up, RP2040 re-enumerates | F42: Clean recovery | L42: =IF(OR(ISBLANK(K42),AND(ISBLANK(H42),ISBLANK(I42))),"",IF(AND(IF(ISBLANK(H42),TRUE(),K42>=H42),IF(ISBLANK(I42),TRUE(),K42<=I42)),"Pass","Fail")) | M42: Not Run | N42: =IF(AND(M42<>"Not Run",M42<>""),M42,IF(L42<>"",L42,"Not Run")) -> Not Run
A43: CHG | B43: 1 | C43: =IF(ISBLANK(A43),"",A43&"-"&TEXT(B43,"000")) -> CHG-001 | D43: CHG-01 | E43: LED1 (yellow) on while charging, off / hi-Z at termination | F43: Correct | L43: =IF(OR(ISBLANK(K43),AND(ISBLANK(H43),ISBLANK(I43))),"",IF(AND(IF(ISBLANK(H43),TRUE(),K43>=H43),IF(ISBLANK(I43),TRUE(),K43<=I43)),"Pass","Fail")) | M43: Not Run | N43: =IF(AND(M43<>"Not Run",M43<>""),M43,IF(L43<>"",L43,"Not Run")) -> Not Run
A44: CHG | B44: 2 | C44: =IF(ISBLANK(A44),"",A44&"-"&TEXT(B44,"000")) -> CHG-002 | D44: CHG-02 | E44: Charge current into a cell at ~3.7 V (PROG R5 = 5.1 k -> ~196 mA). Series meter in battery lead, or USB-meter delta | F44: 150-215 mA | G44: 196 | H44: 150 | I44: 215 | J44: mA | L44: =IF(OR(ISBLANK(K44),AND(ISBLANK(H44),ISBLANK(I44))),"",IF(AND(IF(ISBLANK(H44),TRUE(),K44>=H44),IF(ISBLANK(I44),TRUE(),K44<=I44)),"Pass","Fail")) | M44: Not Run | N44: =IF(AND(M44<>"Not Run",M44<>""),M44,IF(L44<>"",L44,"Not Run")) -> Not Run
A45: CHG | B45: 3 | C45: =IF(ISBLANK(A45),"",A45&"-"&TEXT(B45,"000")) -> CHG-003 | D45: CHG-03 | E45: Termination voltage: BATT+ (C12 + pad) as charge completes | F45: 4.15-4.25 V | G45: 4.2 | H45: 4.15 | I45: 4.25 | J45: V | L45: =IF(OR(ISBLANK(K45),AND(ISBLANK(H45),ISBLANK(I45))),"",IF(AND(IF(ISBLANK(H45),TRUE(),K45>=H45),IF(ISBLANK(I45),TRUE(),K45<=I45)),"Pass","Fail")) | M45: Not Run | N45: =IF(AND(M45<>"Not Run",M45<>""),M45,IF(L45<>"",L45,"Not Run")) -> Not Run
A46: CHG | B46: 4 | C46: =IF(ISBLANK(A46),"",A46&"-"&TEXT(B46,"000")) -> CHG-004 | D46: CHG-04 | E46: U5 temperature during full-rate charge | F46: Warm, not untouchable | I46: 70 | J46: degC | L46: =IF(OR(ISBLANK(K46),AND(ISBLANK(H46),ISBLANK(I46))),"",IF(AND(IF(ISBLANK(H46),TRUE(),K46>=H46),IF(ISBLANK(I46),TRUE(),K46<=I46)),"Pass","Fail")) | M46: Not Run | N46: =IF(AND(M46<>"Not Run",M46<>""),M46,IF(L46<>"",L46,"Not Run")) -> Not Run
A47: CHG | B47: 5 | C47: =IF(ISBLANK(A47),"",A47&"-"&TEXT(B47,"000")) -> CHG-005 | D47: CHG-05 | E47: No-battery behavior: LED1 may flicker / cycle (MCP73831 no-load hiccup) — normal, document it | F47: Documented | L47: =IF(OR(ISBLANK(K47),AND(ISBLANK(H47),ISBLANK(I47))),"",IF(AND(IF(ISBLANK(H47),TRUE(),K47>=H47),IF(ISBLANK(I47),TRUE(),K47<=I47)),"Pass","Fail")) | M47: Not Run | N47: =IF(AND(M47<>"Not Run",M47<>""),M47,IF(L47<>"",L47,"Not Run")) -> Not Run
A48: CHG | B48: 6 | C48: =IF(ISBLANK(A48),"",A48&"-"&TEXT(B48,"000")) -> CHG-006 | D48: CHG-06 | E48: Recharge: run the board on battery briefly, replug USB: charge cycle restarts (LED1 on) | F48: Restarts | L48: =IF(OR(ISBLANK(K48),AND(ISBLANK(H48),ISBLANK(I48))),"",IF(AND(IF(ISBLANK(H48),TRUE(),K48>=H48),IF(ISBLANK(I48),TRUE(),K48<=I48)),"Pass","Fail")) | M48: Not Run | N48: =IF(AND(M48<>"Not Run",M48<>""),M48,IF(L48<>"",L48,"Not Run")) -> Not Run
A49: BAT | B49: 1 | C49: =IF(ISBLANK(A49),"",A49&"-"&TEXT(B49,"000")) -> BAT-001 | D49: BAT-01 | E49: REVERSE battery test with bench PSU reversed at J5, 50 mA CC — BEFORE ever fitting a real cell. Current flow | F49: Q3 blocks; board dead, no heat | G49: 0 | I49: 1 | J49: mA | L49: =IF(OR(ISBLANK(K49),AND(ISBLANK(H49),ISBLANK(I49))),"",IF(AND(IF(ISBLANK(H49),TRUE(),K49>=H49),IF(ISBLANK(I49),TRUE(),K49<=I49)),"Pass","Fail")) | M49: Not Run | N49: =IF(AND(M49<>"Not Run",M49<>""),M49,IF(L49<>"",L49,"Not Run")) -> Not Run
A50: BAT | B50: 2 | C50: =IF(ISBLANK(A50),"",A50&"-"&TEXT(B50,"000")) -> BAT-002 | D50: BAT-02 | E50: Correct polarity, battery only (USB out): board runs. Drop V_BAT - V_SYS (Q1 enhanced) | F50: <= 60 mV | I50: 60 | J50: mV | L50: =IF(OR(ISBLANK(K50),AND(ISBLANK(H50),ISBLANK(I50))),"",IF(AND(IF(ISBLANK(H50),TRUE(),K50>=H50),IF(ISBLANK(I50),TRUE(),K50<=I50)),"Pass","Fail")) | M50: Not Run | N50: =IF(AND(M50<>"Not Run",M50<>""),M50,IF(L50<>"",L50,"Not Run")) -> Not Run
A51: BAT | B51: 3 | C51: =IF(ISBLANK(A51),"",A51&"-"&TEXT(B51,"000")) -> BAT-003 | D51: BAT-03 | E51: Q3 drop under load: V(C12 BATT+) - V(J5.1) while running on battery | F51: <= 30 mV | I51: 30 | J51: mV | L51: =IF(OR(ISBLANK(K51),AND(ISBLANK(H51),ISBLANK(I51))),"",IF(AND(IF(ISBLANK(H51),TRUE(),K51>=H51),IF(ISBLANK(I51),TRUE(),K51<=I51)),"Pass","Fail")) | M51: Not Run | N51: =IF(AND(M51<>"Not Run",M51<>""),M51,IF(L51<>"",L51,"Not Run")) -> Not Run
A52: BAT | B52: 4 | C52: =IF(ISBLANK(A52),"",A52&"-"&TEXT(B52,"000")) -> BAT-004 | D52: BAT-04 | E52: Switchover battery -> USB: plug USB while running; RP2040 CDC does not drop, no reset (scope V_SYS dip optional — record) | F52: No reset | L52: =IF(OR(ISBLANK(K52),AND(ISBLANK(H52),ISBLANK(I52))),"",IF(AND(IF(ISBLANK(H52),TRUE(),K52>=H52),IF(ISBLANK(I52),TRUE(),K52<=I52)),"Pass","Fail")) | M52: Not Run | N52: =IF(AND(M52<>"Not Run",M52<>""),M52,IF(L52<>"",L52,"Not Run")) -> Not Run
A53: BAT | B53: 5 | C53: =IF(ISBLANK(A53),"",A53&"-"&TEXT(B53,"000")) -> BAT-005 | D53: BAT-05 | E53: Switchover USB -> battery: unplug USB; keeps running | F53: No reset | L53: =IF(OR(ISBLANK(K53),AND(ISBLANK(H53),ISBLANK(I53))),"",IF(AND(IF(ISBLANK(H53),TRUE(),K53>=H53),IF(ISBLANK(I53),TRUE(),K53<=I53)),"Pass","Fail")) | M53: Not Run | N53: =IF(AND(M53<>"Not Run",M53<>""),M53,IF(L53<>"",L53,"Not Run")) -> Not Run
A54: BAT | B54: 6 | C54: =IF(ISBLANK(A54),"",A54&"-"&TEXT(B54,"000")) -> BAT-006 | D54: BAT-06 | E54: DW01A under-voltage cutoff: PSU as battery, step down 0.1 V: load disconnects at; recovers when raised above ~3.0 V | F54: 2.30-2.55 V | G54: 2.4 | H54: 2.3 | I54: 2.55 | J54: V | L54: =IF(OR(ISBLANK(K54),AND(ISBLANK(H54),ISBLANK(I54))),"",IF(AND(IF(ISBLANK(H54),TRUE(),K54>=H54),IF(ISBLANK(I54),TRUE(),K54<=I54)),"Pass","Fail")) | M54: Not Run | N54: =IF(AND(M54<>"Not Run",M54<>""),M54,IF(L54<>"",L54,"Not Run")) -> Not Run
A55: DBG | B55: 1 | C55: =IF(ISBLANK(A55),"",A55&"-"&TEXT(B55,"000")) -> DBG-001 | D55: DBG-01 | E55: Flash probe firmware: SW1=DEBUG; RPI-RP2 drive present (blank flash) or hold SW2 + tap SW3; copy debugprobe_on_pico.uf2 (release >= 2.2) | F55: UF2 accepted, reboots | L55: =IF(OR(ISBLANK(K55),AND(ISBLANK(H55),ISBLANK(I55))),"",IF(AND(IF(ISBLANK(H55),TRUE(),K55>=H55),IF(ISBLANK(I55),TRUE(),K55<=I55)),"Pass","Fail")) | M55: Not Run | N55: =IF(AND(M55<>"Not Run",M55<>""),M55,IF(L55<>"",L55,"Not Run")) -> Not Run
A56: DBG | B56: 2 | C56: =IF(ISBLANK(A56),"",A56&"-"&TEXT(B56,"000")) -> DBG-002 | D56: DBG-02 | E56: Re-enumeration: CMSIS-DAP (VID:PID 2E8A:000C, 'Debugprobe on Pico') plus a CDC serial port | F56: Both interfaces | L56: =IF(OR(ISBLANK(K56),AND(ISBLANK(H56),ISBLANK(I56))),"",IF(AND(IF(ISBLANK(H56),TRUE(),K56>=H56),IF(ISBLANK(I56),TRUE(),K56<=I56)),"Pass","Fail")) | M56: Not Run | N56: =IF(AND(M56<>"Not Run",M56<>""),M56,IF(L56<>"",L56,"Not Run")) -> Not Run
A57: DBG | B57: 3 | C57: =IF(ISBLANK(A57),"",A57&"-"&TEXT(B57,"000")) -> DBG-003 | D57: DBG-03 | E57: LED3 (yellow) behaves per debugprobe firmware (activity at connect / traffic) | F57: OK | L57: =IF(OR(ISBLANK(K57),AND(ISBLANK(H57),ISBLANK(I57))),"",IF(AND(IF(ISBLANK(H57),TRUE(),K57>=H57),IF(ISBLANK(I57),TRUE(),K57<=I57)),"Pass","Fail")) | M57: Not Run | N57: =IF(AND(M57<>"Not Run",M57<>""),M57,IF(L57<>"",L57,"Not Run")) -> Not Run
A58: DBG | B58: 4 | C58: =IF(ISBLANK(A58),"",A58&"-"&TEXT(B58,"000")) -> DBG-004 | D58: DBG-04 | E58: probe-rs list (or pyocd list) shows the probe | F58: Listed | L58: =IF(OR(ISBLANK(K58),AND(ISBLANK(H58),ISBLANK(I58))),"",IF(AND(IF(ISBLANK(H58),TRUE(),K58>=H58),IF(ISBLANK(I58),TRUE(),K58<=I58)),"Pass","Fail")) | M58: Not Run | N58: =IF(AND(M58<>"Not Run",M58<>""),M58,IF(L58<>"",L58,"Not Run")) -> Not Run
A59: DBG | B59: 5 | C59: =IF(ISBLANK(A59),"",A59&"-"&TEXT(B59,"000")) -> DBG-005 | D59: DBG-05 | E59: First SWD connect: virgin modules ship APPROTECT-locked. Run probe-rs erase --chip nRF5340_xxAA --allow-erase-all once (CTRL-AP ERASEALL); then connect reads core IDs | F59: Unlock + connect OK | L59: =IF(OR(ISBLANK(K59),AND(ISBLANK(H59),ISBLANK(I59))),"",IF(AND(IF(ISBLANK(H59),TRUE(),K59>=H59),IF(ISBLANK(I59),TRUE(),K59<=I59)),"Pass","Fail")) | M59: Not Run | N59: =IF(AND(M59<>"Not Run",M59<>""),M59,IF(L59<>"",L59,"Not Run")) -> Not Run
A60: DBG | B60: 6 | C60: =IF(ISBLANK(A60),"",A60&"-"&TEXT(B60,"000")) -> DBG-006 | D60: DBG-06 | E60: Flash DVT_Helper app core (probe-rs download merged.hex, or west flash --runner pyocd): banner prints | F60: Flashed, banner | L60: =IF(OR(ISBLANK(K60),AND(ISBLANK(H60),ISBLANK(I60))),"",IF(AND(IF(ISBLANK(H60),TRUE(),K60>=H60),IF(ISBLANK(I60),TRUE(),K60<=I60)),"Pass","Fail")) | M60: Not Run | N60: =IF(AND(M60<>"Not Run",M60<>""),M60,IF(L60<>"",L60,"Not Run")) -> Not Run
A61: DBG | B61: 7 | C61: =IF(ISBLANK(A61),"",A61&"-"&TEXT(B61,"000")) -> DBG-007 | D61: DBG-07 | E61: UART bridge: shell responds on the probe CDC at 115200 (proves R35/R36 crossover on RP2040 GPIO4/5) | F61: Shell works | L61: =IF(OR(ISBLANK(K61),AND(ISBLANK(H61),ISBLANK(I61))),"",IF(AND(IF(ISBLANK(H61),TRUE(),K61>=H61),IF(ISBLANK(I61),TRUE(),K61<=I61)),"Pass","Fail")) | M61: Not Run | N61: =IF(AND(M61<>"Not Run",M61<>""),M61,IF(L61<>"",L61,"Not Run")) -> Not Run
A62: DBG | B62: 8 | C62: =IF(ISBLANK(A62),"",A62&"-"&TEXT(B62,"000")) -> DBG-008 | D62: DBG-08 | E62: SW4 resets the nRF only (banner reprints, CDC stays). SW3 resets the RP2040 only (CDC re-enumerates, nRF untouched) | F62: Independent resets | L62: =IF(OR(ISBLANK(K62),AND(ISBLANK(H62),ISBLANK(I62))),"",IF(AND(IF(ISBLANK(H62),TRUE(),K62>=H62),IF(ISBLANK(I62),TRUE(),K62<=I62)),"Pass","Fail")) | M62: Not Run | N62: =IF(AND(M62<>"Not Run",M62<>""),M62,IF(L62<>"",L62,"Not Run")) -> Not Run
A63: DBG | B63: 9 | C63: =IF(ISBLANK(A63),"",A63&"-"&TEXT(B63,"000")) -> DBG-009 | D63: DBG-09 | E63: SW2 + SW3 returns the RP2040 to BOOTSEL (field UF2 update path); reflash UF2 | F63: RPI-RP2 back | L63: =IF(OR(ISBLANK(K63),AND(ISBLANK(H63),ISBLANK(I63))),"",IF(AND(IF(ISBLANK(H63),TRUE(),K63>=H63),IF(ISBLANK(I63),TRUE(),K63<=I63)),"Pass","Fail")) | M63: Not Run | N63: =IF(AND(M63<>"Not Run",M63<>""),M63,IF(L63<>"",L63,"Not Run")) -> Not Run
A64: DBG | B64: 10 | C64: =IF(ISBLANK(A64),"",A64&"-"&TEXT(B64,"000")) -> DBG-010 | D64: DBG-10 | E64: Tag-Connect J4 continuity: J4.1=3V3_NRF, J4.2=U14.4 SWDIO, J4.3=REST, J4.4=U14.2 SWCLK, J4.5=GND. If a TC2030-CTX-NL + external probe is on hand: external session works with the RP2040 idle | F64: Verified | L64: =IF(OR(ISBLANK(K64),AND(ISBLANK(H64),ISBLANK(I64))),"",IF(AND(IF(ISBLANK(H64),TRUE(),K64>=H64),IF(ISBLANK(I64),TRUE(),K64<=I64)),"Pass","Fail")) | M64: Not Run | N64: =IF(AND(M64<>"Not Run",M64<>""),M64,IF(L64<>"",L64,"Not Run")) -> Not Run
A65: NRF | B65: 1 | C65: =IF(ISBLANK(A65),"",A65&"-"&TEXT(B65,"000")) -> NRF-001 | D65: NRF-01 | E65: Build DVT_Helper: NCS >= 2.9, west build -b nrf5340dk/nrf5340/cpuapp --sysbuild. Only deviation from stock DK: LFXO internal 6 pF (in prj.conf) | F65: Builds clean | L65: =IF(OR(ISBLANK(K65),AND(ISBLANK(H65),ISBLANK(I65))),"",IF(AND(IF(ISBLANK(H65),TRUE(),K65>=H65),IF(ISBLANK(I65),TRUE(),K65<=I65)),"Pass","Fail")) | M65: Not Run | N65: =IF(AND(M65<>"Not Run",M65<>""),M65,IF(L65<>"",L65,"Not Run")) -> Not Run
A66: NRF | B66: 2 | C66: =IF(ISBLANK(A66),"",A66&"-"&TEXT(B66,"000")) -> NRF-002 | D66: NRF-02 | E66: dvt info: FICR Device ID prints — record as board S/N on the Dashboard; reset reason sane | F66: S/N recorded | L66: =IF(OR(ISBLANK(K66),AND(ISBLANK(H66),ISBLANK(I66))),"",IF(AND(IF(ISBLANK(H66),TRUE(),K66>=H66),IF(ISBLANK(I66),TRUE(),K66<=I66)),"Pass","Fail")) | M66: Not Run | N66: =IF(AND(M66<>"Not Run",M66<>""),M66,IF(L66<>"",L66,"Not Run")) -> Not Run
A67: NRF | B67: 3 | C67: =IF(ISBLANK(A67),"",A67&"-"&TEXT(B67,"000")) -> NRF-003 | D67: NRF-03 | E67: dvt clk: LFCLK source = XTAL (X2 running on internal 6 pF caps) | F67: XTAL | L67: =IF(OR(ISBLANK(K67),AND(ISBLANK(H67),ISBLANK(I67))),"",IF(AND(IF(ISBLANK(H67),TRUE(),K67>=H67),IF(ISBLANK(I67),TRUE(),K67<=I67)),"Pass","Fail")) | M67: Not Run | N67: =IF(AND(M67<>"Not Run",M67<>""),M67,IF(L67<>"",L67,"Not Run")) -> Not Run
A68: NRF | B68: 4 | C68: =IF(ISBLANK(A68),"",A68&"-"&TEXT(B68,"000")) -> NRF-004 | D68: NRF-04 | E68: dvt clk cal: LFXO frequency error vs HFXO | F68: |ppm| <= 150 (target +/-50) | G68: 0 | H68: -150 | I68: 150 | J68: ppm | L68: =IF(OR(ISBLANK(K68),AND(ISBLANK(H68),ISBLANK(I68))),"",IF(AND(IF(ISBLANK(H68),TRUE(),K68>=H68),IF(ISBLANK(I68),TRUE(),K68<=I68)),"Pass","Fail")) | M68: Not Run | N68: =IF(AND(M68<>"Not Run",M68<>""),M68,IF(L68<>"",L68,"Not Run")) -> Not Run
A69: NRF | B69: 5 | C69: =IF(ISBLANK(A69),"",A69&"-"&TEXT(B69,"000")) -> NRF-005 | D69: NRF-05 | E69: dvt qspi id: MX25R6435F ready — driver verifies JEDEC C2 28 17 at init; flash is on 3V3_NRF | F69: Ready / PASS | L69: =IF(OR(ISBLANK(K69),AND(ISBLANK(H69),ISBLANK(I69))),"",IF(AND(IF(ISBLANK(H69),TRUE(),K69>=H69),IF(ISBLANK(I69),TRUE(),K69<=I69)),"Pass","Fail")) | M69: Not Run | N69: =IF(AND(M69<>"Not Run",M69<>""),M69,IF(L69<>"",L69,"Not Run")) -> Not Run
A70: NRF | B70: 6 | C70: =IF(ISBLANK(A70),"",A70&"-"&TEXT(B70,"000")) -> NRF-006 | D70: NRF-06 | E70: dvt qspi test: erase / write / verify last 4 K sector | F70: PASS | L70: =IF(OR(ISBLANK(K70),AND(ISBLANK(H70),ISBLANK(I70))),"",IF(AND(IF(ISBLANK(H70),TRUE(),K70>=H70),IF(ISBLANK(I70),TRUE(),K70<=I70)),"Pass","Fail")) | M70: Not Run | N70: =IF(AND(M70<>"Not Run",M70<>""),M70,IF(L70<>"",L70,"Not Run")) -> Not Run
A71: NRF | B71: 7 | C71: =IF(ISBLANK(A71),"",A71&"-"&TEXT(B71,"000")) -> NRF-007 | D71: NRF-07 | E71: dvt usb with SW1=APP: nRF native CDC enumerates (FSUSB42 APP path + R28/C48 VBUS sense). SW1 back to DEBUG after | F71: Enumerates | L71: =IF(OR(ISBLANK(K71),AND(ISBLANK(H71),ISBLANK(I71))),"",IF(AND(IF(ISBLANK(H71),TRUE(),K71>=H71),IF(ISBLANK(I71),TRUE(),K71<=I71)),"Pass","Fail")) | M71: Not Run | N71: =IF(AND(M71<>"Not Run",M71<>""),M71,IF(L71<>"",L71,"Not Run")) -> Not Run
A72: NRF | B72: 8 | C72: =IF(ISBLANK(A72),"",A72&"-"&TEXT(B72,"000")) -> NRF-008 | D72: NRF-08 | E72: Console also visible at H1.15 (NRF_TXD) with a 3.3 V USB-UART adapter, RX only — do not drive H1.14 against the probe | F72: Output seen | L72: =IF(OR(ISBLANK(K72),AND(ISBLANK(H72),ISBLANK(I72))),"",IF(AND(IF(ISBLANK(H72),TRUE(),K72>=H72),IF(ISBLANK(I72),TRUE(),K72<=I72)),"Pass","Fail")) | M72: Not Run | N72: =IF(AND(M72<>"Not Run",M72<>""),M72,IF(L72<>"",L72,"Not Run")) -> Not Run
A73: NRF | B73: 9 | C73: =IF(ISBLANK(A73),"",A73&"-"&TEXT(B73,"000")) -> NRF-009 | D73: NRF-09 | E73: Clean boot: debug session closed, SW4 tap: banner in < 1 s | F73: Clean boot | L73: =IF(OR(ISBLANK(K73),AND(ISBLANK(H73),ISBLANK(I73))),"",IF(AND(IF(ISBLANK(H73),TRUE(),K73>=H73),IF(ISBLANK(I73),TRUE(),K73<=I73)),"Pass","Fail")) | M73: Not Run | N73: =IF(AND(M73<>"Not Run",M73<>""),M73,IF(L73<>"",L73,"Not Run")) -> Not Run
A74: GPIO | B74: 1 | C74: =IF(ISBLANK(A74),"",A74&"-"&TEXT(B74,"000")) -> GPIO-001 | D74: GPIO-01 | E74: dvt gpio walk: each header GPIO drives high in turn; DMM the announced pin, spot-check neighbours (~0 V). Use 'walk all' + RTT to include the UART/I2C pins, reset after | F74: 3.2-3.4 V driven | G74: 3.3 | H74: 3.2 | I74: 3.4 | J74: V | L74: =IF(OR(ISBLANK(K74),AND(ISBLANK(H74),ISBLANK(I74))),"",IF(AND(IF(ISBLANK(H74),TRUE(),K74>=H74),IF(ISBLANK(I74),TRUE(),K74<=I74)),"Pass","Fail")) | M74: Not Run | N74: =IF(AND(M74<>"Not Run",M74<>""),M74,IF(L74<>"",L74,"Not Run")) -> Not Run
A75: GPIO | B75: 2 | C75: =IF(ISBLANK(A75),"",A75&"-"&TEXT(B75,"000")) -> GPIO-002 | D75: GPIO-02 | E75: dvt gpio in: all 1s at rest (pull-ups); each pin reads 0 when jumpered to GND | F75: Correct | L75: =IF(OR(ISBLANK(K75),AND(ISBLANK(H75),ISBLANK(I75))),"",IF(AND(IF(ISBLANK(H75),TRUE(),K75>=H75),IF(ISBLANK(I75),TRUE(),K75<=I75)),"Pass","Fail")) | M75: Not Run | N75: =IF(AND(M75<>"Not Run",M75<>""),M75,IF(L75<>"",L75,"Not Run")) -> Not Run
A76: GPIO | B76: 3 | C76: =IF(ISBLANK(A76),"",A76&"-"&TEXT(B76,"000")) -> GPIO-003 | D76: GPIO-03 | E76: dvt gpio pattern: adjacent-bridge auto test on all physically adjacent signal pairs | F76: PASS all pairs | L76: =IF(OR(ISBLANK(K76),AND(ISBLANK(H76),ISBLANK(I76))),"",IF(AND(IF(ISBLANK(H76),TRUE(),K76>=H76),IF(ISBLANK(I76),TRUE(),K76<=I76)),"Pass","Fail")) | M76: Not Run | N76: =IF(AND(M76<>"Not Run",M76<>""),M76,IF(L76<>"",L76,"Not Run")) -> Not Run
A77: GPIO | B77: 4 | C77: =IF(ISBLANK(A77),"",A77&"-"&TEXT(B77,"000")) -> GPIO-004 | D77: GPIO-04 | E77: dvt adc with 2.000 V fed through ~10 k to each AINx in turn (PSU + DMM). Reading at 2.000 V | F77: 1940-2060 mV | G77: 2000 | H77: 1940 | I77: 2060 | J77: mV | L77: =IF(OR(ISBLANK(K77),AND(ISBLANK(H77),ISBLANK(I77))),"",IF(AND(IF(ISBLANK(H77),TRUE(),K77>=H77),IF(ISBLANK(I77),TRUE(),K77<=I77)),"Pass","Fail")) | M77: Not Run | N77: =IF(AND(M77<>"Not Run",M77<>""),M77,IF(L77<>"",L77,"Not Run")) -> Not Run
A78: GPIO | B78: 5 | C78: =IF(ISBLANK(A78),"",A78&"-"&TEXT(B78,"000")) -> GPIO-005 | D78: GPIO-05 | E78: Header power pins: +5V at H1.1 (~0 V on USB, input-only), 3V3_OTHER at H2.1, every GND pin 0 Ohm to GND | F78: Correct | L78: =IF(OR(ISBLANK(K78),AND(ISBLANK(H78),ISBLANK(I78))),"",IF(AND(IF(ISBLANK(H78),TRUE(),K78>=H78),IF(ISBLANK(I78),TRUE(),K78<=I78)),"Pass","Fail")) | M78: Not Run | N78: =IF(AND(M78<>"Not Run",M78<>""),M78,IF(L78<>"",L78,"Not Run")) -> Not Run
A79: I2C | B79: 1 | C79: =IF(ISBLANK(A79),"",A79&"-"&TEXT(B79,"000")) -> I2C-001 | D79: I2C-01 | E79: Idle levels ~3.3 V on CN1.3 (SDA) / CN1.4 (SCL) — requires R40/R41 4.7 k fitted (BOM gap: hand-kit them first!) | F79: 3.2-3.4 V | G79: 3.3 | H79: 3.2 | I79: 3.4 | J79: V | L79: =IF(OR(ISBLANK(K79),AND(ISBLANK(H79),ISBLANK(I79))),"",IF(AND(IF(ISBLANK(H79),TRUE(),K79>=H79),IF(ISBLANK(I79),TRUE(),K79<=I79)),"Pass","Fail")) | M79: Not Run | N79: =IF(AND(M79<>"Not Run",M79<>""),M79,IF(L79<>"",L79,"Not Run")) -> Not Run
A80: I2C | B80: 2 | C80: =IF(ISBLANK(A80),"",A80&"-"&TEXT(B80,"000")) -> I2C-002 | D80: I2C-02 | E80: dvt i2c scan with a Qwiic SHT4x attached: 0x44 found at 100 kHz | F80: Found 0x44 | L80: =IF(OR(ISBLANK(K80),AND(ISBLANK(H80),ISBLANK(I80))),"",IF(AND(IF(ISBLANK(H80),TRUE(),K80>=H80),IF(ISBLANK(I80),TRUE(),K80<=I80)),"Pass","Fail")) | M80: Not Run | N80: =IF(AND(M80<>"Not Run",M80<>""),M80,IF(L80<>"",L80,"Not Run")) -> Not Run
A81: I2C | B81: 3 | C81: =IF(ISBLANK(A81),"",A81&"-"&TEXT(B81,"000")) -> I2C-003 | D81: I2C-03 | E81: dvt i2c sht4x: plausible T / RH, CRC OK at 100 kHz | F81: CRC OK | L81: =IF(OR(ISBLANK(K81),AND(ISBLANK(H81),ISBLANK(I81))),"",IF(AND(IF(ISBLANK(H81),TRUE(),K81>=H81),IF(ISBLANK(I81),TRUE(),K81<=I81)),"Pass","Fail")) | M81: Not Run | N81: =IF(AND(M81<>"Not Run",M81<>""),M81,IF(L81<>"",L81,"Not Run")) -> Not Run
A82: I2C | B82: 4 | C82: =IF(ISBLANK(A82),"",A82&"-"&TEXT(B82,"000")) -> I2C-004 | D82: I2C-04 | E82: dvt i2c scan fast + dvt i2c sht4x fast: same results at 400 kHz | F82: OK at 400 kHz | L82: =IF(OR(ISBLANK(K82),AND(ISBLANK(H82),ISBLANK(I82))),"",IF(AND(IF(ISBLANK(H82),TRUE(),K82>=H82),IF(ISBLANK(I82),TRUE(),K82<=I82)),"Pass","Fail")) | M82: Not Run | N82: =IF(AND(M82<>"Not Run",M82<>""),M82,IF(L82<>"",L82,"Not Run")) -> Not Run
A83: I2C | B83: 5 | C83: =IF(ISBLANK(A83),"",A83&"-"&TEXT(B83,"000")) -> I2C-005 | D83: I2C-05 | E83: Rail split proof: remove the J2 jumper — 3V3_NRF dies but the Qwiic device stays powered. V(CN1.2) | F83: 3.20-3.40 V (CN1.2 = 3V3_OTHER) | G83: 3.3 | H83: 3.2 | I83: 3.4 | J83: V | L83: =IF(OR(ISBLANK(K83),AND(ISBLANK(H83),ISBLANK(I83))),"",IF(AND(IF(ISBLANK(H83),TRUE(),K83>=H83),IF(ISBLANK(I83),TRUE(),K83<=I83)),"Pass","Fail")) | M83: Not Run | N83: =IF(AND(M83<>"Not Run",M83<>""),M83,IF(L83<>"",L83,"Not Run")) -> Not Run
A84: IMEAS | B84: 1 | C84: =IF(ISBLANK(A84),"",A84&"-"&TEXT(B84,"000")) -> IMEAS-001 | D84: IMEAS-01 | E84: Meter burden sanity: meter on mA range in J2, shell idle: V(J2.2) sag vs jumpered | F84: <= 50 mV | I84: 50 | J84: mV | L84: =IF(OR(ISBLANK(K84),AND(ISBLANK(H84),ISBLANK(I84))),"",IF(AND(IF(ISBLANK(H84),TRUE(),K84>=H84),IF(ISBLANK(I84),TRUE(),K84<=I84)),"Pass","Fail")) | M84: Not Run | N84: =IF(AND(M84<>"Not Run",M84<>""),M84,IF(L84<>"",L84,"Not Run")) -> Not Run
A85: IMEAS | B85: 2 | C85: =IF(ISBLANK(A85),"",A85&"-"&TEXT(B85,"000")) -> IMEAS-002 | D85: IMEAS-02 | E85: Baseline: shell idle (UART active) current on J2 | F85: Record | H85: 0.3 | I85: 8 | J85: mA | L85: =IF(OR(ISBLANK(K85),AND(ISBLANK(H85),ISBLANK(I85))),"",IF(AND(IF(ISBLANK(H85),TRUE(),K85>=H85),IF(ISBLANK(I85),TRUE(),K85<=I85)),"Pass","Fail")) | M85: Not Run | N85: =IF(AND(M85<>"Not Run",M85<>""),M85,IF(L85<>"",L85,"Not Run")) -> Not Run
A86: IMEAS | B86: 3 | C86: =IF(ISBLANK(A86),"",A86&"-"&TEXT(B86,"000")) -> IMEAS-003 | D86: IMEAS-03 | E86: dvt cpu: 30 s busy-loop current | F86: Record | H86: 3 | I86: 10 | J86: mA | L86: =IF(OR(ISBLANK(K86),AND(ISBLANK(H86),ISBLANK(I86))),"",IF(AND(IF(ISBLANK(H86),TRUE(),K86>=H86),IF(ISBLANK(I86),TRUE(),K86<=I86)),"Pass","Fail")) | M86: Not Run | N86: =IF(AND(M86<>"Not Run",M86<>""),M86,IF(L86<>"",L86,"Not Run")) -> Not Run
A87: IMEAS | B87: 4 | C87: =IF(ISBLANK(A87),"",A87&"-"&TEXT(B87,"000")) -> IMEAS-004 | D87: IMEAS-04 | E87: dvt sleep idle (console suspended, QSPI in DPD, debugger DETACHED): System ON idle floor | F87: <= 25 uA provisional (goal <= 10) | I87: 25 | J87: uA | L87: =IF(OR(ISBLANK(K87),AND(ISBLANK(H87),ISBLANK(I87))),"",IF(AND(IF(ISBLANK(H87),TRUE(),K87>=H87),IF(ISBLANK(I87),TRUE(),K87<=I87)),"Pass","Fail")) | M87: Not Run | N87: =IF(AND(M87<>"Not Run",M87<>""),M87,IF(L87<>"",L87,"Not Run")) -> Not Run
A88: IMEAS | B88: 5 | C88: =IF(ISBLANK(A88),"",A88&"-"&TEXT(B88,"000")) -> IMEAS-005 | D88: IMEAS-05 | E88: dvt sleep off: System OFF floor (wake = SW4) | F88: <= 10 uA provisional (goal <= 3) | I88: 10 | J88: uA | L88: =IF(OR(ISBLANK(K88),AND(ISBLANK(H88),ISBLANK(I88))),"",IF(AND(IF(ISBLANK(H88),TRUE(),K88>=H88),IF(ISBLANK(I88),TRUE(),K88<=I88)),"Pass","Fail")) | M88: Not Run | N88: =IF(AND(M88<>"Not Run",M88<>""),M88,IF(L88<>"",L88,"Not Run")) -> Not Run
A89: IMEAS | B89: 6 | C89: =IF(ISBLANK(A89),"",A89&"-"&TEXT(B89,"000")) -> IMEAS-006 | D89: IMEAS-06 | E89: dvt qspi dpd on/off from the idle state: delta visible on the meter (MX25R64 standby vs DPD) | F89: Delta recorded | L89: =IF(OR(ISBLANK(K89),AND(ISBLANK(H89),ISBLANK(I89))),"",IF(AND(IF(ISBLANK(H89),TRUE(),K89>=H89),IF(ISBLANK(I89),TRUE(),K89<=I89)),"Pass","Fail")) | M89: Not Run | N89: =IF(AND(M89<>"Not Run",M89<>""),M89,IF(L89<>"",L89,"Not Run")) -> Not Run
A90: IMEAS | B90: 7 | C90: =IF(ISBLANK(A90),"",A90&"-"&TEXT(B90,"000")) -> IMEAS-007 | D90: IMEAS-07 | E90: dvt ble adv 0, default interval: average current (PPK2 / averaging meter) | F90: Record | I90: 60 | J90: uA | L90: =IF(OR(ISBLANK(K90),AND(ISBLANK(H90),ISBLANK(I90))),"",IF(AND(IF(ISBLANK(H90),TRUE(),K90>=H90),IF(ISBLANK(I90),TRUE(),K90<=I90)),"Pass","Fail")) | M90: Not Run | N90: =IF(AND(M90<>"Not Run",M90<>""),M90,IF(L90<>"",L90,"Not Run")) -> Not Run
A91: IMEAS | B91: 8 | C91: =IF(ISBLANK(A91),"",A91&"-"&TEXT(B91,"000")) -> IMEAS-008 | D91: IMEAS-08 | E91: Debugger influence: repeat the idle measurement with a pyocd/probe-rs session attached — current rises. Rule: always measure detached | F91: Documented | L91: =IF(OR(ISBLANK(K91),AND(ISBLANK(H91),ISBLANK(I91))),"",IF(AND(IF(ISBLANK(H91),TRUE(),K91>=H91),IF(ISBLANK(I91),TRUE(),K91<=I91)),"Pass","Fail")) | M91: Not Run | N91: =IF(AND(M91<>"Not Run",M91<>""),M91,IF(L91<>"",L91,"Not Run")) -> Not Run
A92: IMEAS | B92: 9 | C92: =IF(ISBLANK(A92),"",A92&"-"&TEXT(B92,"000")) -> IMEAS-009 | D92: IMEAS-09 | E92: Isolation proof: J2 open — RP2040 CDC alive, LED2 on, Qwiic device powered, while V(3V3_NRF) | F92: <= 0.10 V | I92: 0.1 | J92: V | L92: =IF(OR(ISBLANK(K92),AND(ISBLANK(H92),ISBLANK(I92))),"",IF(AND(IF(ISBLANK(H92),TRUE(),K92>=H92),IF(ISBLANK(I92),TRUE(),K92<=I92)),"Pass","Fail")) | M92: Not Run | N92: =IF(AND(M92<>"Not Run",M92<>""),M92,IF(L92<>"",L92,"Not Run")) -> Not Run
A93: RF | B93: 1 | C93: =IF(ISBLANK(A93),"",A93&"-"&TEXT(B93,"000")) -> RF-001 | D93: RF-01 | E93: Net core flashed (merged_CPUNET.hex); dvt ble adv: advertising starts | F93: Starts | L93: =IF(OR(ISBLANK(K93),AND(ISBLANK(H93),ISBLANK(I93))),"",IF(AND(IF(ISBLANK(H93),TRUE(),K93>=H93),IF(ISBLANK(I93),TRUE(),K93<=I93)),"Pass","Fail")) | M93: Not Run | N93: =IF(AND(M93<>"Not Run",M93<>""),M93,IF(L93<>"",L93,"Not Run")) -> Not Run
A94: RF | B94: 2 | C94: =IF(ISBLANK(A94),"",A94&"-"&TEXT(B94,"000")) -> RF-002 | D94: RF-02 | E94: nRF Connect (phone): found as 'nRF5340-DVT'; RSSI at 1 m, phone facing the antenna edge | F94: Record | G94: -55 | H94: -70 | I94: -35 | J94: dBm | L94: =IF(OR(ISBLANK(K94),AND(ISBLANK(H94),ISBLANK(I94))),"",IF(AND(IF(ISBLANK(H94),TRUE(),K94>=H94),IF(ISBLANK(I94),TRUE(),K94<=I94)),"Pass","Fail")) | M94: Not Run | N94: =IF(AND(M94<>"Not Run",M94<>""),M94,IF(L94<>"",L94,"Not Run")) -> Not Run
A95: RF | B95: 3 | C95: =IF(ISBLANK(A95),"",A95&"-"&TEXT(B95,"000")) -> RF-003 | D95: RF-03 | E95: RSSI delta vs reference board (nRF5340-DK ideal), same spot, 4 orientations | F95: Within +/- 6 dB | G95: 0 | H95: -6 | I95: 6 | J95: dB | L95: =IF(OR(ISBLANK(K95),AND(ISBLANK(H95),ISBLANK(I95))),"",IF(AND(IF(ISBLANK(H95),TRUE(),K95>=H95),IF(ISBLANK(I95),TRUE(),K95<=I95)),"Pass","Fail")) | M95: Not Run | N95: =IF(AND(M95<>"Not Run",M95<>""),M95,IF(L95<>"",L95,"Not Run")) -> Not Run
A96: RF | B96: 4 | C96: =IF(ISBLANK(A96),"",A96&"-"&TEXT(B96,"000")) -> RF-004 | D96: RF-04 | E96: Connect from the phone: GATT device name reads; link holds 2 min | F96: Holds | L96: =IF(OR(ISBLANK(K96),AND(ISBLANK(H96),ISBLANK(I96))),"",IF(AND(IF(ISBLANK(H96),TRUE(),K96>=H96),IF(ISBLANK(I96),TRUE(),K96<=I96)),"Pass","Fail")) | M96: Not Run | N96: =IF(AND(M96<>"Not Run",M96<>""),M96,IF(L96<>"",L96,"Not Run")) -> Not Run
A97: RF | B97: 5 | C97: =IF(ISBLANK(A97),"",A97&"-"&TEXT(B97,"000")) -> RF-005 | D97: RF-05 | E97: dvt ble adv 3: RSSI rises vs 0 dBm | F97: +1.5 to +4 dB | G97: 3 | H97: 1 | I97: 5 | J97: dB | L97: =IF(OR(ISBLANK(K97),AND(ISBLANK(H97),ISBLANK(I97))),"",IF(AND(IF(ISBLANK(H97),TRUE(),K97>=H97),IF(ISBLANK(I97),TRUE(),K97<=I97)),"Pass","Fail")) | M97: Not Run | N97: =IF(AND(M97<>"Not Run",M97<>""),M97,IF(L97<>"",L97,"Not Run")) -> Not Run
A98: RF | B98: 6 | C98: =IF(ISBLANK(A98),"",A98&"-"&TEXT(B98,"000")) -> RF-006 | D98: RF-06 | E98: Detune sanity: hand over the module drops RSSI, recovers on release (antenna genuinely radiating) | F98: Behaves | L98: =IF(OR(ISBLANK(K98),AND(ISBLANK(H98),ISBLANK(I98))),"",IF(AND(IF(ISBLANK(H98),TRUE(),K98>=H98),IF(ISBLANK(I98),TRUE(),K98<=I98)),"Pass","Fail")) | M98: Not Run | N98: =IF(AND(M98<>"Not Run",M98<>""),M98,IF(L98<>"",L98,"Not Run")) -> Not Run
A99: RF | B99: 7 | C99: =IF(ISBLANK(A99),"",A99&"-"&TEXT(B99,"000")) -> RF-007 | D99: RF-07 | E99: Coex soak 5 min: adv + CDC streaming + repeated dvt qspi test: no resets, RSSI stable | F99: Stable | L99: =IF(OR(ISBLANK(K99),AND(ISBLANK(H99),ISBLANK(I99))),"",IF(AND(IF(ISBLANK(H99),TRUE(),K99>=H99),IF(ISBLANK(I99),TRUE(),K99<=I99)),"Pass","Fail")) | M99: Not Run | N99: =IF(AND(M99<>"Not Run",M99<>""),M99,IF(L99<>"",L99,"Not Run")) -> Not Run
A100: SYS | B100: 1 | C100: =IF(ISBLANK(A100),"",A100&"-"&TEXT(B100,"000")) -> SYS-001 | D100: SYS-01 | E100: dvt demo soak 30 min (SHT4x poll + BLE adv): no reset / watchdog, uptime monotonic | F100: Clean 30 min | L100: =IF(OR(ISBLANK(K100),AND(ISBLANK(H100),ISBLANK(I100))),"",IF(AND(IF(ISBLANK(H100),TRUE(),K100>=H100),IF(ISBLANK(I100),TRUE(),K100<=I100)),"Pass","Fail")) | M100: Not Run | N100: =IF(AND(M100<>"Not Run",M100<>""),M100,IF(L100<>"",L100,"Not Run")) -> Not Run
A101: SYS | B101: 2 | C101: =IF(ISBLANK(A101),"",A101&"-"&TEXT(B101,"000")) -> SYS-002 | D101: SYS-02 | E101: Power-cycle x10 (USB replug): banner every time | F101: 10 / 10 | L101: =IF(OR(ISBLANK(K101),AND(ISBLANK(H101),ISBLANK(I101))),"",IF(AND(IF(ISBLANK(H101),TRUE(),K101>=H101),IF(ISBLANK(I101),TRUE(),K101<=I101)),"Pass","Fail")) | M101: Not Run | N101: =IF(AND(M101<>"Not Run",M101<>""),M101,IF(L101<>"",L101,"Not Run")) -> Not Run
...

Sheet Issue_Log
B2: Issue Log
B4: # | C4: Test ID | D4: Description of failure | E4: Severity | F4: Found (date) | G4: Disposition / fix | H4: Status
B5: 1 | C5: PRE-000 | D5: (example row — replace) R40/R41 confirmed absent from assembly kit | E5: Major | F5: 2026-07 | G5: Hand-fit 2x 4.7 k 0402 before I2C section | H5: Example

Sheet Reference_Data
B2: Probe Point Quick Reference (top view, origin = board lower-left; all mm)
B4: Net | C4: Probe at | D4: Side | E4: Notes
B5: GND | C5: Any header GND / J1 shell | D5: Top | E5: H1.2/8/12/16, H2.2/8/13/19; TP3 (15.9, 5.4)
B6: V_USB | C6: C2 + pad | D6: Top | E6: 50.9, 9.3 (10 uF); also F1.1 side, LED1.2 (64.2, 16.6)
B7: V_SYS | C7: D2 cathode (D2.1) | D7: Top | E7: 47.5, 6.3; also D3.1 (55.3, 12.0), U6/U7 pin 1
B8: 3V3_OTHER | C8: H2.1 header pin | D8: Top | E8: 28.1 row, y=24.1, 3V3 end; also C3.2, U6.5
B9: 3V3_NRF | C9: J2.2 (rail side) | D9: Top | E9: J2 at 45.1, 21.5 — pin nearer U7 = LDO side J2.1 (PRE-01)
B10: LDO out (pre-J2) | C10: C11 + pad | D10: Top | E10: 45.8, 19.0 (1 uF on U7 output = J2.1 net)
B11: BATT+ | C11: C12 + pad | D11: Top | E11: 50.1, 21.9 (47 uF bulk)
B12: BATT- | C12: J5.2 / C13 | D12: Top | E12: J5 at 57.9, 21.6; C13 at 61.2, 16.4 (cell negative, not GND)
B13: +5V in | C13: H1.1 | D13: Top | E13: +5V end of H1 (y=1.3), before F1 (50.9, 4.9)
B14: USB D+ / D- | C14: D1 pads | D14: Top | E14: 54.5, 5.4 (USBLC6); connector-side pair
B15: Charger STAT | C15: U5 pin 1 / R6 | D15: Top | E15: U5 at 52.9, 16.8
... B20: nRF reset | C20: H1.19 / SW4 | D20: Top | E20: SW4 at 8.6, 21.2
B23: Header Pinout (as built, fab 2026-07-04; pin 1 = +5V end on H1, 3V3 end on H2)
B25: Pin | C25: H1 (bottom edge, y=1.3) | D25: H2 (top edge, y=24.1)
B26: 1 | C26: +5V (input only, via F1+D2) | D26: 3V3 (3V3_OTHER)
B27: 2 | C27: GND | D27: GND
B28: 3 | C28: P0.29 | D28: P0.11
B29: 4 | C29: P0.07 / AIN3 | D29: P0.12
B30: 5 | C30: P0.25 / AIN4 | D30: P0.05 / AIN1
B31: 6 | C31: P0.26 / AIN5 | D31: P0.06 / AIN2
B32: 7 | C32: P0.27 / AIN6 | D32: P0.04 / AIN0
B33: 8 | C33: GND | D33: GND
B34: 9 | C34: P0.10 | D34: P1.00
B35: 10 | C35: P0.09 | D35: P1.15
B36: 11 | C36: P0.08 | D36: P1.14
B37: 12 | C37: GND | D37: P1.12
... B44: 19 | C44: REST (nRF reset) | D44: GND
B46: UART nets are nRF-perspective: the probe (RP2040 GPIO4) drives P0.22/RX; nRF transmits on P0.20/TX = H1.15. External adapter: RX->H1.15 observe-only; do not drive H1.14 against the probe.
